id,Rating,lama,baru,Isi Ulasan
439ec424ab59c86d,5,Negatif,Netral,"Waktu itu Bapak saya, masuk IGD alhamdulillah langsung ditangi dengan cepat oleh dokter jaga nya ,tapi ruang TPPRI nya jauh tolong dong dibuat lebih dekat biar memudahkan keluarga pasien"
820bfacbad7a4ffa,1,Negatif,Netral,"tb kelenjar masih ada benjolannya udah pengobatan 3 tahun, tahun ke tiga ganti dokter krn udah lama katanya di suruh berhenti (padahal masih ada benjolan)"
317435e8765faa64,3,Negatif,Positif,"Saya ingin menyampaikan apresiasi kepada RSOP Purwokerto. Selama kurang lebih 5 bulan bolak-balik untuk menjalani pengobatan dan kontrol, saya merasa pelayanan yang diberikan sudah sangat baik, informatif, jelas, dan ramah.
Namun, sangat disayangkan pelayanan di bagian informasi pada hari ini kurang memuaskan. Petugas yang berjaga terkesan kurang ramah dan kurang sabar dalam menghadapi keluhan pasien.
Menurut saya, bagian informasi adalah salah satu layanan yang paling sering didatangi pasien, terutama pasien lanjut usia yang masih kesulitan menggunakan teknologi. Karena itu, sikap yang lebih ramah dan sabar tentu akan sangat membantu.
Saya menuliskan ulasan ini bukan untuk menjatuhkan siapa pun, melainkan sebagai bentuk masukan agar pelayanan ke depannya bisa menjadi lebih baik. Apalagi, hari ini saya mendengar cukup banyak keluhan dari pasien lain setelah saya sendiri menyampaikan keluhan yang saya alami. Terima Kasih 🙏🏻"
81cddf45afc00099,1,Netral,Negatif,"Saya kira setelah di renov akan semakin baik. Namun pengalaman ketika bapak saya di rawat di ruang paviliun Kresna fasilitas nya kurang baik. Disediakan fasilitas Tv namun ketika menanyakan kepihak perawat dari mereka tidak ada satupun yang bisa aktifin tv tersebut. Saya utak Atik sendiri pun tidak bisa. Lalu Untuk fasilitas ac, remot nya kadang bisa digunakan, kadang tidak."
44fdfafee5eb8964,1,Netral,Negatif,"Sabtu kemarin saya mau MCU tapi disuruh pulang karna mati listrik. Dalam diriku bertanya, ""masa sekelas RS ga punya genset?"".
Terus hari ini (Selasa) saya datang lagi untuk MCU, saya ke toilet dan pertama kali saya menemukan toilet RS ada jamurnya (black mold) dan sarang laba-laba, ember dan gayung juga kotor. Aduh tolong ini sekelas RS (Rumah Sakit) loh, tolong fasilitas dan kebersihan diutamakan."
0fa5b5a453ff90de,5,Netral,Negatif,"Bagus semua...
Tpi tolong setiap kamar di kasih petunjuk arah kiblat.."
19894a5a3d6ab953,1,Netral,Negatif,"Dulu pernah priksa (USG) disini tapi sama dokternya di takutin² katanya 1 minggu lagi bayinya harus dilahirkan padahl bb bayinya baru 1,9kg😂dan itu katanya udah  mau usia 39minggu, tapi aku gak nurutin alhasil priksa ke rs lain ternyata bb bayi nya udah 2,6kg, dan Alhamdulillah lahir sesuai hpl dan berat badanya 3kg + lahiran normal🤪😜"
305e0a6de2746d2b,2,Netral,Negatif,Pelayanan di RSUD Banyumas tolong yg pake merah2 hari Jumat yg jaga pagi super strict bapakku dirawat 5 hari inpus macet minta 3x dibenerin malah saling lempar lempar katanya nanti ada tugasnya..tp udah 3x coba kalian kalo anggota keluarga nya ada yg sakit digituin gimana. Khusus kamar MELATI pernah sambil melotot tuh petugas nya. Kami BPJS tp juga byar loh. Dokternya malah ramah ramah..
47f035192207f7ab,1,Netral,Negatif,"Minimnya edukasi terkait antrian saat sudah berada di poliklinik hanya ada panggilan"" saja tidak ada keterangan no urut berikutnya, ada tv tidak digunakan sebagai sarana untuk melihat sisa antrian dan antrian keberapa sedang di layani, mohon diperbaiki lagi"
5aa9b8d62a02213a,5,Netral,Positif,"Langganan bunda sudah lama,pasien dokter Arinton ruang melati.pelayanan dokter dan perawat baik.anak cucu sudah langganan rsu bunda lamaa.mks RS bunda"
bf476529d3e4663d,5,Netral,Positif,Selama anak kami d rwat d ruang kepondang anak lumayan.anak kami merasa terhibur krna bnyak mainan dan dengan perawatnya ox
46d7007a70cb4e02,5,Netral,Positif,"Ke Ananda membawa bunga,
Mekar indah di pagi hari.
Selamat ulang tahun RSU Ananda,
Semoga semakin maju, berkah, dan terus melayani dengan sepenuh hati. 🤲✨
Semoga Allah senantiasa memberikan keberkahan, kesuksesan, dan kemudahan dalam setiap langkah pengabdian. Semoga kelak saya mendapat kesempatan untuk turut berkontribusi di dalamnya. Aamiin 🤲"
e4e56d08ad8ee80e,5,Netral,Positif,rs yang rekomended untuk berobat tht dan yg lainnya
966eb5cd6992d931,2,Netral,Positif,"Hal-hal sederhana seperti ketepatan waktu mungkin terlihat sepele, tetapi justru menjadi bagian penting dalam membangun kualitas pelayanan dan profesionalisme. Jika disiplin waktu antara peserta dan penyedia layanan dapat berjalan dengan baik, saya yakin kualitas pelayanan dan citra UNSOED juga akan semakin baik dan berkembang."
ae6d9d287b783dae,5,Netral,Positif,Terimakasih sdh dibantu ndaftar online
f753cdc0675ef6d6,5,Netral,Positif,Terimakasih sdh dibantu online
f33a9a63d47a8c18,5,Netral,Positif,melayani dengan sepenuh hati🩷🩷
4e40cd47830cdfef,5,Positif,Negatif,Sangat memuaskan petugasnya juga ramah trs untuk pengambilan obat menunggunya tidak terlalu lama pokoknya luar biasa buat RSU dadi keluarga
59037e3fc7fb75db,4,Positif,Negatif,"Jazakhumullah khoiran katsiran
Atas pelayanan yg baik , setiap kali minta rujukan🙏"
00d6179bf9c42ad3,3,Positif,Negatif,"Rumah sakite tah pelayanane apik, bersih, tapi sayang satpame kurang RAMAH,"
5c39214486e621b3,5,Positif,Negatif,Kamarnya tidak brisik jadi nyaman
488b7535dc93c63f,5,Positif,Negatif,Sudah baik
f897b7b11943983d,5,Positif,Netral,Radiologi baik
bfb9073283cd373e,5,Positif,Netral,"Saya keluarga pasien Bu Wasem di rawat di kenari bawah pelayanan nya sudah baik, terimkasih"
a501c3eac72139d2,5,Positif,Netral,terimakasih bapak saya sudah boleh pulang dari ruang rajawali Alhamdulillah sudah dioperasi
b94ed47ae89c8eac,5,Positif,Netral,"Terimakasih untuk team RSU  DADI KELUARGA selama DUA Hari ini Salah satu ortu kami di rawat inap  disana Dan pelayanannya  sang at memuaskan.. dari awal masuk IGD dokter and team Yang lain nya pelayanannya mantapp!! Selalu sukses untuk RSU dadi keluarga!!👍🏻💯 Terus tingkatkan pelayanannya seperti itu we are became very happy
jangan sampai seperti RS Yang lainya  sudah kita bayar mahal pelayanannya tidak memusakan Dokter and team yg lain suka JUDES 🤦‍♂️"
7363b272ca3e448c,4,Positif,Netral,Pelayanan tulip baik
73eba19ac91e2dc4,5,Positif,Netral,pelayanan tulip baik
f9f89d3614e09eae,5,Positif,Netral,Baik
907e4e8070300811,5,Positif,Netral,Alhamdulilah.. di rawat di siaga medika Pemalang.. baik..ramah..makasih..sudah di bantu swgala nya
c607d1b0e3e26e35,5,Positif,Netral,Jos jis
9ccd172ca7dc030f,5,Positif,Netral,Pemeriksaan Rontgen nya cepat
bdc68e9c57c7ef1d,5,Positif,Netral,Pelayanan ny bagus..ramah..
51cf89b9167754b0,5,Positif,Netral,pelayanan yang luar biasa.. intinya cepatt
2ecf4131328088d0,4,Positif,Netral,Good
d27ca8a2bb70bcce,5,Positif,Netral,Bgus
b7466e519e2c3f90,5,Positif,Netral,"Alhamdulillah RS tulang paling proper di Purwokerto, penanganan cepat, tenang dan on point"
45331c3770968659,5,Positif,Netral,Hebat semuanya Alhamdulillah luar biasa
0dffecb18830f179,5,Positif,Netral,Pelayanan mantapp
9a6e6096ab28ae4f,5,Positif,Netral,Pelayanan baik sudah di bantu dan di edukasi pelayanan rawat jalan terima kasih infomrasi.
8301bd9b9f7912f2,5,Positif,Netral,Fast respon banget
d095fcb806a2efb6,5,Positif,Netral,Handal dan terpercaya dalam menyigapi pasien pasien BPJS kesehatan
8cbd84e0c20ca3b5,5,Positif,Netral,Pelayan sigal ceoat ganggal respon sif hntuk padien pasien lengguna BPJS
5da991a873be1fa8,5,Positif,Netral,pelayanan RANAP berada hotel mewah top terbaik dalam peningkatan kepuasan pasien pasien pengguna BPJS
bd36b012e16a9ac9,5,Positif,Netral,Jadi andalan berobat menggunakan BPJS pokoke top markotop
9559294cf4c41c35,5,Positif,Netral,Pelayanan sigap cekatan dalam penanganan pasien pasien pengguna BPJS
d5d787006ecb23ae,5,Positif,Netral,pelayanan Penang anang patients BPJS SANG AT SANG AT TERBAIK
86c8d863c2e24735,5,Positif,Netral,"Pelayanan SDH bagus,Memuaskan,Terimakasih SDH dibantu ndaftarin MJKN"
8297c7813c79f4df,5,Positif,Netral,Langganan selalu di RS BUDHI ASIH memang pelayanannya trbaik..😍🥰🥰 rekomend bgt buat bunda2 yg lain
14d0e2ef2639b06c,5,Positif,Netral,"Pernah tambal dan bersihin karang gigi disini, dokternya sabar dn dijelasin sampek jelas top. trmksh"
a67d836cef361e5c,5,Positif,Netral,Good
f5f8be6a58f1e4d3,5,Positif,Netral,"RS Jatiwinangun Purwokerto,melayani dgn mudah dan cepat,buat pasien seperti saya,yg memakai KIS-BPJS.saya Agus Irawansyah."
35f91277b6b0c74c,5,Positif,Netral,"Assalamualaikum wr.wb
Saya ingin membagikan kebahagiaan yg kami kepada pejuang cancer di RSUD Banyumas dan sekitarnya... Alhamdulillah kabar baik itu akhirnya datang juga.. Alhamdulillah ibu saya bisa melanjutkan kemo beva secara gratis di RS Banyumas ini..saya sangat berterimakasih kepada RSUD Banyumas khususnya untuk Dr.Ery Perdana dan tim (kemuning) yg sudah dgn sangat baik melayani   proses kemoterapi ibu saya dr awal hingga akhir,dan sayapun sebagai anak JD semangat menemani proses kemoterapi ibu walaupun harus bolak balik jakarta- Banyumas 3 Minggu sekali...tak henti2nya kami berucap syukur kepada Allah SWT, rasa terimakasih kami kepada Dr.Ery Perdana,tim kemuning,tim Dahlia yg sdh sangat membantu selama proses kemoterapi..
Harapan kami kedepannya kemo beva ini bisa terus berjalan secara gratis..agar para pejuang cancer bisa terus survive,tidak patah semangat dan terus semangat untuk sehat...

Semangat sehat"
24bc0dc7298f4e37,5,Positif,Netral,"Pelayanan bintang 5 10 jempol top asli bukan katanya katanya tapi pengalaman pribadi saat persalinan istriku semua tenaga medis dan stafnya gercep Rama komunikatif dan sangat membantu kami, padahal kami pake BPJS, dan keperluan utk pengurusan BPJS anak kami pun dibantu dengan gercep tanpa bertele tele, bravo RSUD BMS terimaksih sekali dan selalu tingkatkan pelayanannya, terimaksih"
b60765761bfd91ad,5,Positif,Netral,Pelayanan sdh bagus.Memuaskan
a74662ba94af100d,4,Positif,Netral,"Pelayanan SDH bagus,Memuaskan,tolong ditingkatkan lagi"
85ec4073072cfef2,5,Positif,Netral,Medika lestari joss pelayananya
7ba8f8b8bfa2c3ef,5,Positif,Netral,pelayanan menyenangkan
